# Name,,,,,,,,,,,
# Sequence,GGTGGACAAGCGGCAGATAGCGG,,,,,,,,,,
# Genome,hg38,,,,,,,,,,
# PAM,NGG,,,,,,,,,,
# Position,chr2:216109345-216109368:-,,,,,,,,,,
# Version,"CRISPOR 5.01, 2023-08-03T09:58:54CEST",,,,,,,,,,
# Results,http://crispor.org/crispor.py?batchId=PniqxmxadpvaEiNRZ1GF,,,,,,,,,,
,,,,,,,,,,,
guideId,guideSeq,offtargetSeq,mismatchPos,mismatchCount,mitOfftargetScore,cfdOfftargetScore,chrom,start,end,strand,locusDesc
21forw,GGTGGACAAGCGGCAGATAGCGG,CGTGGACAAGCAGCAAATATTGG,*..........*...*...*,4,0.05902077,0.466666666,chrX,42490457,42490479,+,intron:RP1-154K9.2
21forw,GGTGGACAAGCGGCAGATAGCGG,GGTGAAAACGCGACAGATAGGGG,....*.*.*...*.......,4,0.220438397,0.342857143,chr6,28709487,28709509,+,intergenic:AL121932.1-XXbac-BPG308K3.5
21forw,GGTGGACAAGCGGCAGATAGCGG,GAAGGAAAAGAGGCAGATAGTGG,.**...*...*.........,4,0.534744255,0.339972527,chr12,18431943,18431965,+,intron:PIK3C2G
21forw,GGTGGACAAGCGGCAGATAGCGG,GCTGGACAATAGGCAGAAAGTGG,.*.......**......*..,4,0.158628435,0.28125,chr12,92184146,92184168,+,exon:RP11-796E2.4
21forw,GGTGGACAAGCGGCAGATAGCGG,GGTGGACAGACGGCAAACAGCGG,........**.....*.*..,4,0.02714194,0.266666667,chr6,125574660,125574682,+,intergenic:RP11-138M12.1-RP11-624M8.1
21forw,GGTGGACAAGCGGCAGATAGCGG,GGTGAATAAACTGCAGATAGAGG,....*.*..*.*........,4,0.422434911,0.252777778,chr3,193215068,193215090,-,intergenic:RP11-143P4.2-HRASLS
21forw,GGTGGACAAGCGGCAGATAGCGG,GTTGGTCAAGAGGCAGAAAGGGG,.*...*....*......*..,4,0.104202175,0.227272727,chr9,87170508,87170530,+,intergenic:C9orf170-SNORA26
21forw,GGTGGACAAGCGGCAGATAGCGG,GGAGGAGAAGCAGCAGAAAGTGG,..*...*....*.....*..,4,0.102823208,0.209150327,chr6,21628547,21628569,-,intergenic:SOX4-RP4-551N11.1
21forw,GGTGGACAAGCGGCAGATAGCGG,GGTGGTCAAGAGGCAGAATGAGG,.....*....*......**.,4,0.031161726,0.192307692,chr2,228891193,228891215,-,intergenic:AC074019.1-PID1
21forw,GGTGGACAAGCGGCAGATAGCGG,GGACGACAGGAGGCAGATAGAGG,..**....*.*.........,4,0.456378813,0.18907563,chr5,128857429,128857451,-,intergenic:CTC-573M9.1-SLC27A6
21forw,GGTGGACAAGCGGCAGATAGCGG,TGTGGTCAAGCTGCAGAAAGAGG,*....*.....*.....*..,4,0.09237382,0.183150183,chr5,66759696,66759718,-,exon:MAST4
21forw,GGTGGACAAGCGGCAGATAGCGG,CGTGGACAAGAGGTAGATGGGGG,*.........*..*....*.,4,0.043567744,0.147321428,chr9,134831935,134831957,+,intron:COL5A1
21forw,GGTGGACAAGCGGCAGATAGCGG,GGTGGAAAGGCGGCAGAAACTGG,......*.*........*.*,4,0.051269675,0.142857143,chr12,113547531,113547553,+,intergenic:LHX5-AS1-LINC01234
21forw,GGTGGACAAGCGGCAGATAGCGG,GCTGCACAAGCTGCAGAAAGAGG,.*..*......*.....*..,4,0.152684,0.139475909,chrX,10945853,10945875,+,intron:RP11-120D5.1
21forw,GGTGGACAAGCGGCAGATAGCGG,GGTGGCTTAGAGGCAGATAGAGG,.....***..*.........,4,0.299268693,0.118709416,chr6,64049586,64049608,+,intron:EYS
21forw,GGTGGACAAGCGGCAGATAGCGG,GGGGCACAAGAGGCAGATGGAGG,..*.*.....*.......*.,4,0.272930963,0.110491071,chr9,3062539,3062561,-,intergenic:AL589675.1-LINC01231
21forw,GGTGGACAAGCGGCAGATAGCGG,AGTGGACACCCCGCAGATAGGGG,*.......**.*........,4,0.396115165,0.108907563,chr19,41357954,41357976,-,exon:B9D2
21forw,GGTGGACAAGCGGCAGATAGCGG,GGTTAACAAGAGCCAGATAGTGG,...**.....*.*.......,4,0.307297816,0.099521531,chr7,86561530,86561552,-,intergenic:LINC00972-GRM3
21forw,GGTGGACAAGCGGCAGATAGCGG,TGTGGACATGTGGCAGATTGCGG,*.......*.*.......*.,4,0.178656992,0.099408284,chr10,78054667,78054689,+,exon:RPS24
21forw,GGTGGACAAGCGGCAGATAGCGG,GGTGACCAAGAGGCAGAGAGTGG,....**....*......*..,4,0.098926116,0.098484849,chr16,20944397,20944419,-,intron:DNAH3
21forw,GGTGGACAAGCGGCAGATAGCGG,GGTAGACAAGATGCAGATGGTGG,...*......**......*.,4,0.136188675,0.097355769,chr20,2650043,2650065,+,intergenic:TMC2-NOP56
21forw,GGTGGACAAGCGGCAGATAGCGG,GGTTGACCAGCAGCAGAAAGGGG,...*...*...*.....*..,4,0.144953165,0.096969697,chr17,33857181,33857203,-,intergenic:RP11-118G23.1-AC024610.1
21forw,GGTGGACAAGCGGCAGATAGCGG,GCTGGACAAGCAGAAGACAGGGG,.*.........*.*...*..,4,0.022749916,0.096923077,chr16,48793102,48793124,+,intergenic:RNU6-257P-RP11-22D3.1
21forw,GGTGGACAAGCGGCAGATAGCGG,GGTGGTGTGGCGGCAGATAGGGG,.....****...........,4,0.329465174,0.096038415,chrX,73860779,73860801,+,intergenic:XIST/Xist_exon1-JPX_1/JPX
21forw,GGTGGACAAGCGGCAGATAGCGG,GGAGGACAATCTGCAGATACAGG,..*......*.*.......*,4,0.294991877,0.095663265,chr9,135159911,135159933,-,intergenic:OLFM1-RP11-399H11.3
21forw,GGTGGACAAGCGGCAGATAGCGG,GTTGGCCAAGAGGCAGACAGGGG,.*...*....*......*..,4,0.104202175,0.092975207,chr16,24102594,24102616,-,intergenic:CTA-113A6.1-PRKCB
21forw,GGTGGACAAGCGGCAGATAGCGG,GGTGGAGGAGCTGCAGAAAGGGG,......**...*.....*..,4,0.094231782,0.088486677,chr5,6583390,6583412,-,intron:LINC01018
21forw,GGTGGACAAGCGGCAGATAGCGG,GATCTACATGCGGCAGATAGGGG,.*.**...*...........,4,0.833979885,0.080633484,chrX,11894934,11894956,+,intergenic:MSL3-Y_RNA
21forw,GGTGGACAAGCGGCAGATAGCGG,TGTGGACAAGGGGCAGAGAAAGG,*.........*......*.*,4,0.075868305,0.078125,chr10,11439421,11439443,+,intergenic:RP11-544P1.3-USP6NL
21forw,GGTGGACAAGCGGCAGATAGCGG,GGAGGACAAGTAGCAGATGGAGG,..*.......**......*.,4,0.134282034,0.076923077,chr2,66146743,66146765,-,intergenic:AC074391.2-AC118345.1
21forw,GGTGGACAAGCGGCAGATAGCGG,GGAGGAAAAGCGGCAGAGACCGG,..*...*..........*.*,4,0.087148938,0.076530612,chr2,11784857,11784879,-,intron:LPIN1
21forw,GGTGGACAAGCGGCAGATAGCGG,GATGGAGGAGGGGCAGATAGGGG,.*....**..*.........,4,0.542336973,0.073001508,chr15,92936849,92936871,+,intron:CHD2
21forw,GGTGGACAAGCGGCAGATAGCGG,GGTGGGCAAGGGGCAGACAAGGG,.....*....*......*.*,4,0.04125219,0.071747449,chr22,29799251,29799273,-,intron:ASCC2
21forw,GGTGGACAAGCGGCAGATAGCGG,GGTGGACAAGCAGCAGGCAAGGG,...........*....**.*,4,0.021131597,0.066176471,chr16,88642591,88642613,+,intergenic:IL17C-CYBA
21forw,GGTGGACAAGCGGCAGATAGCGG,GGTGGAAAAGTGGCAGAAACAGG,......*...*......*.*,4,0.046570654,0.065934066,chr2,201117265,201117287,-,intron:CFLAR
21forw,GGTGGACAAGCGGCAGATAGCGG,GGTCTACAAGAGGCAGATTGAGG,...**.....*.......*.,4,0.27680625,0.064140271,chr7,99306009,99306031,+,intergenic:KPNA7-ARPC1A
21forw,GGTGGACAAGCGGCAGATAGCGG,TGTGGAGAAGGGGCAGATTGGGG,*.....*...*.......*.,4,0.199709861,0.063348416,chr12,49888511,49888533,-,intron:FAIM2
21forw,GGTGGACAAGCGGCAGATAGCGG,GGTGGACAGGTGACAGAGAGAGG,........*.*.*....*..,4,0.036800757,0.063116371,chr18,12018320,12018342,-,intron:IMPA2
21forw,GGTGGACAAGCGGCAGATAGCGG,GGAGGACAAAGGGCAGATGGGGG,..*......**.......*.,4,0.251369416,0.0625,chr1,58611545,58611567,+,intergenic:TACSTD2-MYSM1
21forw,GGTGGACAAGCGGCAGATAGCGG,GGTGGACAATGGACAGAGAGAGG,.........**.*....*..,4,0.052921728,0.0625,chr17,260014,260036,-,intron:RPH3AL
21forw,GGTGGACAAGCGGCAGATAGCGG,GGAGGATAAGTGGCAGAGAGGGG,..*...*...*......*..,4,0.115989594,0.05952381,chr3,157696711,157696733,-,intergenic:PQLC2L-RN7SKP46
21forw,GGTGGACAAGCGGCAGATAGCGG,AGTGAACAAGGGTCAGATAGTGG,*...*.....*.*.......,4,0.322857199,0.0585,chr2,72548085,72548107,-,intron:EXOC6B
21forw,GGTGGACAAGCGGCAGATAGCGG,GGTAGACAAGCTGCAGCTAAAGG,...*.......*....*..*,4,0.125064555,0.0572681,chr14,23414039,23414061,-,exon:MYH7
21forw,GGTGGACAAGCGGCAGATAGCGG,GGTGGACAAGGGACAGAGATTGG,..........*.*....*.*,4,0.025116065,0.053846154,chr2,119223300,119223322,+,intergenic:RN7SL468P-STEAP3
21forw,GGTGGACAAGCGGCAGATAGCGG,GCTGGAGCAGCTGCAGATAGGGG,.*....**...*........,4,0.480774398,0.053701954,chr1,167648653,167648675,+,intergenic:RCSD1/RP3-455J7.4-RCSD1
21forw,GGTGGACAAGCGGCAGATAGCGG,GGAGGACAAGCAGCAGGCAGGGG,..*........*....**..,4,0.057960373,0.050420168,chr22,17342624,17342646,+,intergenic:CECR9-RN7SL843P
21forw,GGTGGACAAGCGGCAGATAGCGG,GATGTCCAAGCGGCAGACAGTGG,.*..**...........*..,4,0.187751667,0.04945055,chr9,34971310,34971332,+,exon:KIAA1045
21forw,GGTGGACAAGCGGCAGATAGCGG,GATGGAGCAGGGGCAGATAGAGG,.*....**..*.........,4,0.542336973,0.042663219,chr9,35439204,35439226,-,intergenic:UNC13B-RUSC2
21forw,GGTGGACAAGCGGCAGATAGCGG,GGTGGAAAAGAGGCAGGTACAGG,......*...*.....*..*,4,0.091478071,0.042542017,chr3,48807161,48807183,+,intron:PRKAR2A
21forw,GGTGGACAAGCGGCAGATAGCGG,GGAGGAGAAGCAGCAGTTAGTGG,..*...*....*....*...,4,0.191747618,0.041830065,chr12,71498073,71498095,+,intergenic:RP11-578B16.1-LGR5
21forw,GGTGGACAAGCGGCAGATAGCGG,TGTGGACAAGGAGCAGGTAGGGG,*.........**....*...,4,0.166452825,0.041176471,chr8,134780449,134780471,-,intergenic:CTD-2342N23.1-AC083843.4
21forw,GGTGGACAAGCGGCAGATAGCGG,GGTGGAGGAGCGGCAGGAAGAGG,......**........**..,4,0.073738285,0.040599769,chr2,30963463,30963485,+,intron:GALNT14
21forw,GGTGGACAAGCGGCAGATAGCGG,GGTGGGCAGGGGGCAGAGAGAGG,.....*..*.*......*..,4,0.060443857,0.03968254,chr17,45099532,45099554,+,intron:NMT1
21forw,GGTGGACAAGCGGCAGATAGCGG,GGAGGACCAGCTGCAGAGAGAGG,..*....*...*.....*..,4,0.150546424,0.039246468,chr3,158360228,158360250,-,intron:RSRC1
21forw,GGTGGACAAGCGGCAGATAGCGG,GGTGGAGATGGGGCAGATTGGGG,......*.*.*.......*.,4,0.109665994,0.03800905,chr8,117806708,117806730,-,intron:EXT1
21forw,GGTGGACAAGCGGCAGATAGCGG,GGTGGAGAAGGGGCAGAGAAGGG,......*...*......*.*,4,0.046570654,0.036764706,chr22,40229610,40229632,-,intron:TNRC6B
21forw,GGTGGACAAGCGGCAGATAGCGG,GGGGGACAAGCAGCAGCCAGGGG,..*........*....**..,4,0.057960373,0.035294118,chr7,95601191,95601213,+,intron:AC002451.3
21forw,GGTGGACAAGCGGCAGATAGCGG,GGTGGAAAATCGGCAGTTACAGG,......*..*......*..*,4,0.15180415,0.034821429,chr2,164514923,164514945,-,intron:GRB14
21forw,GGTGGACAAGCGGCAGATAGCGG,AGTGGACAAGTGGCAGTTAAGGG,*.........*.....*..*,4,0.149027027,0.034615385,chr1,78274102,78274124,-,intron:MGC27382
21forw,GGTGGACAAGCGGCAGATAGCGG,GGTGAAGAAGGGGCAGAGAGAGG,....*.*...*......*..,4,0.111680226,0.033986928,chr12,52862334,52862356,+,intergenic:KRT78-KRT8
21forw,GGTGGACAAGCGGCAGATAGCGG,GGCAGACAAGGGGCAGAGAGAGG,..**......*......*..,4,0.16982371,0.032142857,chr9,97545957,97545979,-,intron:TMOD1
21forw,GGTGGACAAGCGGCAGATAGCGG,GGGGTATAAGGGGCAGATAGAGG,..*.*.*...*.........,4,0.510158313,0.03046875,chrX,110103519,110103541,+,intergenic:MIR3978-TMEM164
21forw,GGTGGACAAGCGGCAGATAGCGG,GGGGGAGAAGCTGCAGAGAGAGG,..*...*....*.....*..,4,0.102823208,0.030165913,chr6,10414764,10414786,-,exon:TFAP2A-AS1/TFAP2A
21forw,GGTGGACAAGCGGCAGATAGCGG,GGTGGCCCTGGGGCAGATAGAGG,.....*.**.*.........,4,0.267720603,0.029220779,chr8,48434637,48434659,+,intergenic:RP11-513O13.1-RP11-567J20.3
21forw,GGTGGACAAGCGGCAGATAGCGG,GGTGGCCCAGCTGCAGATGGTGG,.....*.*...*......*.,4,0.140941068,0.028096903,chrX,69098075,69098097,-,intergenic:EFNB1-PJA1
21forw,GGTGGACAAGCGGCAGATAGCGG,GCTGGACATGCGGCAGCTGGAGG,.*......*.......*.*.,4,0.117323456,0.027488688,chr10,122268695,122268717,-,intergenic:TACC2-BTBD16
21forw,GGTGGACAAGCGGCAGATAGCGG,AGTGGACCAGCTGCAGGTAGGGG,*......*...*....*...,4,0.299915,0.026179703,chr9,137277892,137277914,+,exon:TOR4A
21forw,GGTGGACAAGCGGCAGATAGCGG,GGTGGACAAGCTGCAGAGCAAGG,...........*.....***,4,0.017289489,0.024867374,chr20,35001472,35001494,+,exon:MYH7B
21forw,GGTGGACAAGCGGCAGATAGCGG,GGTGGAGAAGCGGCAGAGCTTGG,......*..........***,4,0.026431993,0.022718053,chr17,4884672,4884694,-,intron:MINK1
21forw,GGTGGACAAGCGGCAGATAGCGG,GGTGGACCAGATGCAGCTAGCGG,.......*..**....*...,4,0.150409179,0.021816419,chr10,83792200,83792222,-,intergenic:RNU6-129P-RP11-219F10.1
21forw,GGTGGACAAGCGGCAGATAGCGG,GGTGGACAAATGGCTGATGGTGG,.........**...*...*.,4,0.061738132,0.021538462,chr7,27097271,27097293,+,intergenic:HOTAIRM1/HOTAIRM1_1-HOTAIRM1/HOTAIRM1_2
21forw,GGTGGACAAGCGGCAGATAGCGG,GGTGGACAAGGGCCAGAGTGTGG,..........*.*....**.,4,0.018100265,0.018893387,chr11,72782503,72782525,-,intergenic:STARD10-MIR4692
21forw,GGTGGACAAGCGGCAGATAGCGG,GGTTGACAGGCGGCAGGCAGTGG,...*....*.......**..,4,0.069304995,0.018334607,chr8,39993076,39993098,-,intergenic:IDO2-RP11-44K6.3
21forw,GGTGGACAAGCGGCAGATAGCGG,GGTGGACAAGTGGCAGGGAAGGG,..........*.....**.*,4,0.024986266,0.016968326,chr4,2298649,2298671,+,intergenic:RP11-478C1.7-ZFYVE28
21forw,GGTGGACAAGCGGCAGATAGCGG,GGTTGAGAAGGGGCAGATGGGGG,...*..*...*.......*.,4,0.189058669,0.016042781,chr8,22552542,22552564,+,intron:SORBS3
21forw,GGTGGACAAGCGGCAGATAGCGG,GGCAGACAAGCGGCTGATCGTGG,..**..........*...*.,4,0.13179369,0.015960591,chr8,20289371,20289393,+,intergenic:LZTS1-AS1-LZTS1-AS1/5S_rRNA
21forw,GGTGGACAAGCGGCAGATAGCGG,GGAGGACAAGGGCCAGATCGAGG,..*.......*.*.....*.,4,0.105624282,0.015556132,chr2,122543509,122543531,+,intergenic:AC018737.3-AC062020.2
21forw,GGTGGACAAGCGGCAGATAGCGG,GGTGGAGAAGGTGCAGAGAGTGG,......*...**.....*..,4,0.052298639,0.015082956,chr8,41823815,41823837,-,intergenic:Y_RNA-RP11-930P14.2
21forw,GGTGGACAAGCGGCAGATAGCGG,GGGGGACAAGGTGCAGGTAGGGG,..*.......**....*...,4,0.155812486,0.008484163,chr1,32201446,32201468,-,intron:CCDC28B
21forw,GGTGGACAAGCGGCAGATAGCGG,GGTTGACAAGGGGCAGACCGTGG,...*......*......**.,4,0.054254025,0.008060905,chr9,134958149,134958171,-,intergenic:RP11-447M12.2-RP11-447M12.3
21forw,GGTGGACAAGCGGCAGATAGCGG,GGTGGCCAAGGGGAAGCTAGCGG,.....*....*..*..*...,4,0.027558202,0.007018717,chr2,28377466,28377488,-,intergenic:BRE-FLJ31356
21forw,GGTGGACAAGCGGCAGATAGCGG,GGTGGACAAGCGGACGCTGGTGG,.............**.*.*.,4,0.006319527,0.006316845,chr1,1243974,1243996,-,exon:FAM132A
21forw,GGTGGACAAGCGGCAGATAGCGG,GGTGTACAAGGTGCTGATAGGGG,....*.....**..*.....,4,0.104700416,0.005769231,chr1,175115833,175115855,+,intron:TNN
21forw,GGTGGACAAGCGGCAGATAGCGG,GCTGGACAAGTGGCTGTTAGGGG,.*........*...*.*...,4,0.090669425,0.005680473,chr16,53390251,53390273,-,exon:RP11-44F14.9
21forw,GGTGGACAAGCGGCAGATAGCGG,GGGGGAGAAGGGGGAGATAGGGG,..*...*...*..*......,4,0.079676894,0,chr9,135620031,135620053,-,intergenic:RP11-98L5.5-GLT6D1
21forw,GGTGGACAAGCGGCAGATAGCGG,GGTGGAGAACCGGGAGACAGAGG,......*..*...*...*..,4,0.026283198,0,chr2,234908767,234908789,-,intergenic:AC010148.1-SH3BP4
21forw,GGTGGACAAGCGGCAGATAGCGG,GGTGGCCAAGGGGGAGGTAGGGG,.....*....*..*..*...,4,0.027558202,0,chr11,61892144,61892166,+,intergenic:FADS3-RAB3IL1
21forw,GGTGGACAAGCGGCAGATAGCGG,GGAGGACAAGCAGGAGATGGTGG,..*........*.*....*.,4,0.036050492,0,chr18,79973774,79973796,-,exon:HSBP1L1/TXNL4A
21forw,GGTGGACAAGCGGCAGATAGCGG,GGTGGAAAAGTGGGAGAGAGGGG,......*...*..*...*..,4,0.015838409,0,chr12,46844982,46845004,-,intergenic:SLC38A4-RP11-96H19.1
21forw,GGTGGACAAGCGGCAGATAGCGG,GGTGGAGAAGCCGCATAGAGAGG,......*....*...*.*..,4,0.016207866,0,chr1,161891436,161891458,-,intron:ATF6
21forw,GGTGGACAAGCGGCAGATAGCGG,GGTGGACCAGCTGGAGATGGAGG,.......*...*.*....*.,4,0.033038282,0,chr3,18608981,18609003,+,intron:SATB1-AS1
21forw,GGTGGACAAGCGGCAGATAGCGG,GGTGTACAAGCAGCATGTAGTGG,....*......*...**...,4,0.048973462,0,chr6,114436026,114436048,+,intron:RP3-399L15.3
21forw,GGTGGACAAGCGGCAGATAGCGG,GGTGGACAAACAGCAGATTGTGG,.........*.*......*.,3,0.381433899,0.469059828,chr12,85567949,85567971,+,intergenic:RP11-408B11.2-AC021887.1
21forw,GGTGGACAAGCGGCAGATAGCGG,GGTGGATAAGCAGAAGATAGTGG,......*....*.*......,3,0.127351796,0.265416667,chr5,38431252,38431274,+,exon:EGFLAM
21forw,GGTGGACAAGCGGCAGATAGCGG,GGAGCAGAAGCGGCAGATAGCGG,..*.*.*.............,3,1.634140741,0.264105642,chr1,2431167,2431189,-,intergenic:PEX10-PLCH2
21forw,GGTGGACAAGCGGCAGATAGCGG,GGTGAACAAACAGCAGATAGAAG,....*....*.*........,3,0.230508916,0.195731138,chr11,21656312,21656334,+,intergenic:NELL1-CTD-2019O4.1
21forw,GGTGGACAAGCGGCAGATAGCGG,GGAGAACAAGTGGCAGATAGAGG,..*.*.....*.........,3,1.46235865,0.190476191,chr2,172462661,172462683,+,intergenic:AC078883.4-AC078883.3
21forw,GGTGGACAAGCGGCAGATAGCGG,GGTGGAGAAGAGGCAGCTAGAGG,......*...*.....*...,3,0.410794144,0.062283737,chr15,89828254,89828276,+,intergenic:ANPEP-AP3S2/C15orf38-AP3S2
21forw,GGTGGACAAGCGGCAGATAGCGG,GGTGGACTAGGGGCAGATGGAGG,.......*..*.......*.,3,0.4921,0.040178571,chr12,3277289,3277311,-,intron:TSPAN9
21forw,GGTGGACAAGCGGCAGATAGCGG,GGTGGACAAGAGGCAGTTGGAGG,..........*.....*.*.,3,0.179865665,0.0375,chr20,15916756,15916778,+,intron:MACROD2
21forw,GGTGGACAAGCGGCAGATAGCGG,GGTGGACAAGGGGCAGGTGGTGG,..........*.....*.*.,3,0.179865665,0.016544118,chr9,122173998,122174020,-,intron:MORN5
21forw,GGTGGACAAGCGGCAGATAGCGG,GGTGGACAAGGGGAAGCTAGTGG,..........*..*..*...,3,0.080979106,0.015441176,chr16,63363415,63363437,-,intergenic:RP11-96H17.1-RP11-2K6.2
21forw,GGTGGACAAGCGGCAGATAGCGG,GGTGGTCAAGAGGCAGATAGGAG,.....*....*.........,2,0.425315,0.138888889,chr3,64485977,64485999,-,intergenic:RP11-14D22.1-RNU6-739P
21forw,GGTGGACAAGCGGCAGATAGCGG,GGTGGACAAGAGCCAGATAGTAG,..........*.*.......,2,0.234535345,0.081871345,chr9,36655498,36655520,+,intron:MELK