#Id,Bulge Type,crRNA,DNA,Chromosome,Location,Direction,Mismatches,Bulge Size,score,off_target_count,rank
3,X,GCAAAACTCAACCCTACCCCTGG,atAAAACcCAACCCaACCCCTaG,chr7,44556205,-,5,0,-4.164398670196533,26,1
3,X,GCAAAACTCAACCCTACCCCTGG,GCAggcCTCAcCCCTACCCCaGG,chr15,98709937,-,5,0,-4.164398670196533,26,1
3,X,GCAAAACTCAACCCTACCCCTGG,ttcAAtCTCtACCCTACCCCTGG,chr2,231432823,+,5,0,-4.164398670196533,26,1
3,X,GCAAAACTCAACCCTACCCCTGG,GCtttACTCAgCCCTACCCCaGG,chr3,38045462,-,5,0,-4.164398670196533,26,1
3,X,GCAAAACTCAACCCTACCCCTGG,aCAgAACTCAgaCCTACCCCaGG,chr4,120673483,-,5,0,-4.164398670196533,26,1
3,X,GCAAAACTCAACCCTACCCCTGG,tCcAccCTCAACCCTACCCCcGG,chr9,31499605,+,5,0,-4.164398670196533,26,1
3,X,GCAAAACTCAACCCTACCCCTGG,ttcAgACTCAACCCTcCCCCTGG,chr16,22099134,-,5,0,-4.164398670196533,26,1
3,X,GCAAAACTCAACCCTACCCCTGG,GCAggACTCAgCCCTACCCCcaG,chr16,16963918,-,5,0,-4.164398670196533,26,1
3,X,GCAAAACTCAACCCTACCCCTGG,cCcAcACTCAtCCCTACCCCaGG,chr16,12164189,-,5,0,-4.164398670196533,26,1
3,X,GCAAAACTCAACCCTACCCCTGG,GgAAgACcCAACCCTACtCCcGG,chr6,43921803,-,5,0,-4.164398670196533,26,1
3,X,GCAAAACTCAACCCTACCCCTGG,GCAgAACTCAAaCCTgCCCCaGG,chr6,124132011,-,4,0,-4.164398670196533,26,1
3,X,GCAAAACTCAACCCTACCCCTGG,tCAgcACcCAACCCcACCCCTGG,chr17,77084621,-,5,0,-4.164398670196533,26,1
3,X,GCAAAACTCAACCCTACCCCTGG,GCAgAACTCAACtCTACCCCaaG,chr17,51802167,-,4,0,-4.164398670196533,26,1
3,X,GCAAAACTCAACCCTACCCCTGG,GgAtAAaTCAACCCTACCCagGG,chr7,137445475,-,5,0,-4.164398670196533,26,1
3,X,GCAAAACTCAACCCTACCCCTGG,aCAAAACTgAACCCTACCCtgGG,chr8,143214255,-,4,0,-4.164398670196533,26,1
3,X,GCAAAACTCAACCCTACCCCTGG,aCAcccCTCAgCCCTACCCCTGG,chr4,183960992,+,5,0,-4.164398670196533,26,1
3,X,GCAAAACTCAACCCTACCCCTGG,GCAAtACTCcACCCcACCCCaGG,chr20,3283355,+,4,0,-4.164398670196533,26,1
3,X,GCAAAACTCAACCCTACCCCTGG,GCtcgcCTCAACCCTACCCCaGG,chr9,122123240,+,5,0,-4.164398670196533,26,1
3,X,GCAAAACTCAACCCTACCCCTGG,tCAcAACTCAgCtCTACCCCTGG,chr13,27942551,-,4,0,-4.164398670196533,26,1
3,X,GCAAAACTCAACCCTACCCCTGG,GCAAAACTCAACCCTACCCCaGG,chr1,198699664,+,1,0,-4.164398670196533,26,1
3,X,GCAAAACTCAACCCTACCCCTGG,tCttAgCTCAACCtTACCCCTGG,chr12,26282628,+,5,0,-4.164398670196533,26,1
3,X,GCAAAACTCAACCCTACCCCTGG,GCAtAACaCAACCCTACCCCcaG,chr11,130068855,-,4,0,-4.164398670196533,26,1
3,X,GCAAAACTCAACCCTACCCCTGG,tggAgACTCAgCCCTACCCCTGG,chr11,67434075,-,5,0,-4.164398670196533,26,1
3,X,GCAAAACTCAACCCTACCCCTGG,tgAAcACTCAAgCCTACCCCaGG,chr20,57176652,-,5,0,-4.164398670196533,26,1
3,X,GCAAAACTCAACCCTACCCCTGG,tCtAAtCTCAACtCTACCCCaGG,chr15,37857096,+,5,0,-4.164398670196533,26,1
3,X,GCAAAACTCAACCCTACCCCTGG,cCccAcCTCtACCCTACCCCTGG,chr11,67664612,-,5,0,-4.164398670196533,26,1
9,X,GGTGGACAAGCGGCAGATAGCGG,GGTGGACtAGgGGCAGATgGaGG,chr12,3277288,-,4,0,-1.949296474456787,23,2
9,X,GGTGGACAAGCGGCAGATAGCGG,GGaGGACAAGCaGCAGgcAGgGG,chr22,17342623,+,5,0,-1.949296474456787,23,2
9,X,GGTGGACAAGCGGCAGATAGCGG,GGTGaACAAaCaGCAGATAGaaG,chr11,21656311,+,5,0,-1.949296474456787,23,2
9,X,GGTGGACAAGCGGCAGATAGCGG,GcTGGACAAtaGGCAGAaAGtGG,chr12,92184145,+,5,0,-1.949296474456787,23,2
9,X,GGTGGACAAGCGGCAGATAGCGG,GGTaGACAAGatGCAGATgGtGG,chr20,2650042,+,5,0,-1.949296474456787,23,2
9,X,GGTGGACAAGCGGCAGATAGCGG,GGTGGAgAAGaGGCAGcTAGaGG,chr15,89828253,+,4,0,-1.949296474456787,23,2
9,X,GGTGGACAAGCGGCAGATAGCGG,cGTGGACAAGCaGCAaATAttGG,chrX,42490456,+,5,0,-1.949296474456787,23,2
9,X,GGTGGACAAGCGGCAGATAGCGG,GGTGGAtAAGCaGaAGATAGtGG,chr5,38431251,+,4,0,-1.949296474456787,23,2
9,X,GGTGGACAAGCGGCAGATAGCGG,GGTGacCAAGaGGCAGAgAGtGG,chr16,20944396,-,5,0,-1.949296474456787,23,2
9,X,GGTGGACAAGCGGCAGATAGCGG,GGTGGACAAaCaGCAGATtGtGG,chr12,85567948,+,4,0,-1.949296474456787,23,2
9,X,GGTGGACAAGCGGCAGATAGCGG,aGTGGACAccCcGCAGATAGgGG,chr19,41357953,-,5,0,-1.949296474456787,23,2
9,X,GGTGGACAAGCGGCAGATAGCGG,GGaGaACAAGtGGCAGATAGaGG,chr2,172462660,+,4,0,-1.949296474456787,23,2
9,X,GGTGGACAAGCGGCAGATAGCGG,GGgGGACAAGCaGCAGccAGgGG,chr7,95601190,+,5,0,-1.949296474456787,23,2
9,X,GGTGGACAAGCGGCAGATAGCGG,GGTtaACAAGaGcCAGATAGtGG,chr7,86561529,-,5,0,-1.949296474456787,23,2
9,X,GGTGGACAAGCGGCAGATAGCGG,aGTGaACAAGgGtCAGATAGtGG,chr2,72548084,-,5,0,-1.949296474456787,23,2
9,X,GGTGGACAAGCGGCAGATAGCGG,tGTGGACAAGgaGCAGgTAGgGG,chr8,134780448,-,5,0,-1.949296474456787,23,2
9,X,GGTGGACAAGCGGCAGATAGCGG,GGgGcACAAGaGGCAGATgGaGG,chr9,3062538,-,5,0,-1.949296474456787,23,2
9,X,GGTGGACAAGCGGCAGATAGCGG,GGTGGtCAAGaGGCAGATAGgaG,chr3,64485976,-,4,0,-1.949296474456787,23,2
9,X,GGTGGACAAGCGGCAGATAGCGG,GGTGGACAAGCGGCAGATAGCGG,chr2,216109345,-,0,0,-1.949296474456787,23,2
9,X,GGTGGACAAGCGGCAGATAGCGG,GGTGGACAAGaGcCAGATAGtaG,chr9,36655497,+,4,0,-1.949296474456787,23,2
9,X,GGTGGACAAGCGGCAGATAGCGG,GGaGGACAAagGGCAGATgGgGG,chr1,58611544,+,5,0,-1.949296474456787,23,2
9,X,GGTGGACAAGCGGCAGATAGCGG,GGaGGACAAGtaGCAGATgGaGG,chr2,66146742,-,5,0,-1.949296474456787,23,2
9,X,GGTGGACAAGCGGCAGATAGCGG,GcTGGACAAGCaGaAGAcAGgGG,chr16,48793101,+,5,0,-1.949296474456787,23,2
1,X,CTCGTCTGATAAGACAACAGTGG,tTaGTCaGATAAGAaAACAGaGG,chr10,57464057,+,5,0,1.2987260818481445,12,3
1,X,CTCGTCTGATAAGACAACAGTGG,gTCaTCTGATAAGACAAgtGgGG,chr11,109400124,+,5,0,1.2987260818481445,12,3
1,X,CTCGTCTGATAAGACAACAGTGG,gcaGTCTGtaAAGACAACAGTGG,chr17,43861779,-,5,0,1.2987260818481445,12,3
1,X,CTCGTCTGATAAGACAACAGTGG,CTtcTCTGATAAGcCAACAGgGG,chr3,146039079,+,4,0,1.2987260818481445,12,3
1,X,CTCGTCTGATAAGACAACAGTGG,CTCccCTGATAAttCAACAGaGG,chrX,15105494,+,5,0,1.2987260818481445,12,3
1,X,CTCGTCTGATAAGACAACAGTGG,aTCtTCTGATAAtACAACAGTGG,chr6,105937298,-,3,0,1.2987260818481445,12,3
1,X,CTCGTCTGATAAGACAACAGTGG,tTCcTCaaATAAGACAACAGaGG,chr6,141854137,+,5,0,1.2987260818481445,12,3
1,X,CTCGTCTGATAAGACAACAGTGG,CTaGTCcaATAAGACAACAGgaG,chr6,140429861,-,5,0,1.2987260818481445,12,3
1,X,CTCGTCTGATAAGACAACAGTGG,CTCcctTGATAAGACAACAGTaG,chr20,47090895,-,4,0,1.2987260818481445,12,3
1,X,CTCGTCTGATAAGACAACAGTGG,CTtGTCTGAatAGACAACAtgGG,chr10,9948496,-,5,0,1.2987260818481445,12,3
1,X,CTCGTCTGATAAGACAACAGTGG,tctGTCTGAaAAGACAACAGTGG,chr2,96660322,-,4,0,1.2987260818481445,12,3
1,X,CTCGTCTGATAAGACAACAGTGG,CTCGTCTGATAAGACAACAGTGG,chr1,198639111,+,0,0,1.2987260818481445,12,3
4,X,GCAGCCAGTACAGCTCACCACGG,GCAGCCAGTACAGCTCACCAaGG,chr2,113075291,+,1,0,3.6169323921203613,9,4
4,X,GCAGCCAGTACAGCTCACCACGG,GaAaCCAGTACAGCTtACCAtGG,chr4,78885624,+,4,0,3.6169323921203613,9,4
4,X,GCAGCCAGTACAGCTCACCACGG,aCAcaCAGcACAGCTCACCAtGG,chr3,129632684,+,5,0,3.6169323921203613,9,4
4,X,GCAGCCAGTACAGCTCACCACGG,cCAGCCAGacaAGCTCACCAgGG,chr9,134418162,-,5,0,3.6169323921203613,9,4
4,X,GCAGCCAGTACAGCTCACCACGG,aCtaCgAGTACAGCTCACCAgGG,chr10,81291112,+,5,0,3.6169323921203613,9,4
4,X,GCAGCCAGTACAGCTCACCACGG,tagGCCAGTACAGCTCACCAgGG,chr2,165635747,+,4,0,3.6169323921203613,9,4
4,X,GCAGCCAGTACAGCTCACCACGG,GtAGCCAGTgaAGCTCACaAaGG,chr2,152513784,-,5,0,3.6169323921203613,9,4
4,X,GCAGCCAGTACAGCTCACCACGG,tCAGCCtaTACAGtTCACCAgGG,chr2,170245272,-,5,0,3.6169323921203613,9,4
4,X,GCAGCCAGTACAGCTCACCACGG,aCAGCCtccACAGCTCACCAgGG,chr2,15030058,+,5,0,3.6169323921203613,9,4
6,X,GGCCCAGACTGAGCACGTGACGG,GGCCCAGgCTcAGCACGgGAaGG,chr11,126159755,-,4,0,11.23277473449707,7,5
6,X,GGCCCAGACTGAGCACGTGACGG,GagCCAGAaTGAGCACGTGAgGG,chr10,129794839,+,4,0,11.23277473449707,7,5
6,X,GGCCCAGACTGAGCACGTGACGG,aGaCCAGACTGAGCAaGaGAgGG,chrX,115529805,-,5,0,11.23277473449707,7,5
6,X,GGCCCAGACTGAGCACGTGACGG,GaCaCAGACcGgGCACGTGAgGG,chr7,67503048,-,5,0,11.23277473449707,7,5
6,X,GGCCCAGACTGAGCACGTGACGG,caCCCAGACTGAGCACGTGctGG,chr15,79457571,+,4,0,11.23277473449707,7,5
6,X,GGCCCAGACTGAGCACGTGACGG,GGCCCAGACTGAGCACGTGAtGG,chr9,107422338,+,1,0,11.23277473449707,7,5
6,X,GGCCCAGACTGAGCACGTGACGG,aGCtCAGACTGAGCAaGTGAgGG,chr1,46540026,-,4,0,11.23277473449707,7,5
0,X,CCCATCCATCCAGAGACACAGGG,CtCtTCCAcCCAGAGACACAGGG,chrX,91562726,-,3,0,13.540188789367676,8,6
0,X,CCCATCCATCCAGAGACACAGGG,CCCATCCATCCAGAGACACAGGG,chrX,48686150,-,0,0,13.540188789367676,8,6
0,X,CCCATCCATCCAGAGACACAGGG,tCCATCCATCCAGAGAacCAGGG,chr22,17236989,-,3,0,13.540188789367676,8,6
0,X,CCCATCCATCCAGAGACACAGGG,atCATCCAaCCAGAGACcCAGGG,chr1,156409410,-,4,0,13.540188789367676,8,6
0,X,CCCATCCATCCAGAGACACAGGG,CtCtTCCAcCCAGAGACACAGGG,chrY,4803975,-,3,0,13.540188789367676,8,6
0,X,CCCATCCATCCAGAGACACAGGG,ttCATCCATCCAGgGACACgtGG,chr2,236948299,-,5,0,13.540188789367676,8,6
0,X,CCCATCCATCCAGAGACACAGGG,tCCATCCcTCCAGAaACACAcGG,chr11,105732406,-,4,0,13.540188789367676,8,6
0,X,CCCATCCATCCAGAGACACAGGG,atCATCCATCCAaAaACACAcGG,chr11,11483869,-,5,0,13.540188789367676,8,6
5,X,GCATTTTCAGGAGGAAGCGAGGG,GCATTTTgAGGAGaAAGCaAaGG,chr3,120258750,-,4,0,16.154871463775635,2,7
5,X,GCATTTTCAGGAGGAAGCGAGGG,GCATTTTCAGGAGGAAGCGAtGG,chr21,35048895,-,1,0,16.154871463775635,2,7
2,X,CTTGCCCCACAGGGCAGTAACGG,CcTGCCCCACAGGGCAGccAaGG,chr15,87945583,-,4,0,55.10261386632919,20,8
2,X,CTTGCCCCACAGGGCAGTAACGG,gTgtCCCCACAGGGCAGgAAaGG,chr2,120957646,+,5,0,55.10261386632919,20,8
2,X,CTTGCCCCACAGGGCAGTAACGG,gTgGCCCCACAGGGCAGgAAtGG,chrX,75786404,+,4,0,55.10261386632919,20,8
2,X,CTTGCCCCACAGGGCAGTAACGG,agTGCCCCACAGGGgAGaAAtGG,chr22,35141395,-,5,0,55.10261386632919,20,8
2,X,CTTGCCCCACAGGGCAGTAACGG,tgTGCCCCACAGaGCAcTAAgGG,chr22,16749715,+,5,0,55.10261386632919,20,8
2,X,CTTGCCCCACAGGGCAGTAACGG,CcTGtCCCACAGGGCAGgAAgGG,chr19,33890014,+,4,0,55.10261386632919,20,8
2,X,CTTGCCCCACAGGGCAGTAACGG,gTTGCCCCACgGGGCAGgAAgaG,chr3,43080352,+,5,0,55.10261386632919,20,8
2,X,CTTGCCCCACAGGGCAGTAACGG,CTaGCCCCACAGGGtAGgAAaGG,chr13,106343232,+,4,0,55.10261386632919,20,8
2,X,CTTGCCCCACAGGGCAGTAACGG,tcTGCCCCACAGGcCAGgAAgGG,chr5,132087685,-,5,0,55.10261386632919,20,8
2,X,CTTGCCCCACAGGGCAGTAACGG,tTgGCCCaACAGGGCAGTtAgGG,chr6,71331680,+,5,0,55.10261386632919,20,8
2,X,CTTGCCCCACAGGGCAGTAACGG,CTcGCCCCtCAGGGCAGTAgtGG,chr2,11637668,+,4,0,55.10261386632919,20,8
2,X,CTTGCCCCACAGGGCAGTAACGG,aTTtCCtCACAGGGCAGaAAaGG,chr8,133349315,+,5,0,55.10261386632919,20,8
2,X,CTTGCCCCACAGGGCAGTAACGG,tcaGCCCCACAGGGCAGTAAgGG,chr9,101833583,+,4,0,55.10261386632919,20,8
2,X,CTTGCCCCACAGGGCAGTAACGG,CaTtCCCtACAGGGCAGTtAgGG,chr9,105198187,+,5,0,55.10261386632919,20,8
2,X,CTTGCCCCACAGGGCAGTAACGG,tcTaCCCCACAtGGCAGTAAtGG,chr1,177624827,+,5,0,55.10261386632919,20,8
2,X,CTTGCCCCACAGGGCAGTAACGG,CTTGCCCCACAGGGCAGTAACGG,chr11,5226967,+,0,0,55.10261386632919,20,8
2,X,CTTGCCCCACAGGGCAGTAACGG,aTTGCCCCACgGGGCAGTgACGG,chr12,93155408,+,3,0,55.10261386632919,20,8
2,X,CTTGCCCCACAGGGCAGTAACGG,gcTGCCCCACAGGGCAGcAAaGG,chr12,124319281,-,4,0,55.10261386632919,20,8
2,X,CTTGCCCCACAGGGCAGTAACGG,CTTaCCtCACAGGGCAGTgAgaG,chr2,89607409,+,5,0,55.10261386632919,20,8
2,X,CTTGCCCCACAGGGCAGTAACGG,CTTaCCtCACAGGGCAGTgAgaG,chr2,91681677,+,5,0,55.10261386632919,20,8
8,X,GGTCCTGCCGCTGCTTGTCATGG,GGTCCTGCCGCTGCTTGTCATGG,chr3,46373510,+,0,0,55.743160009384155,4,9
8,X,GGTCCTGCCGCTGCTTGTCATGG,GGTCCTGCtGCTGCTTGTCtgGG,chr6,34226725,-,3,0,55.743160009384155,4,9
8,X,GGTCCTGCCGCTGCTTGTCATGG,GGTCCTGtCGCTGCTTGcCATGG,chr4,37995892,-,2,0,55.743160009384155,4,9
8,X,GGTCCTGCCGCTGCTTGTCATGG,GGagCTGCCcCTGCTTGTCAgGG,chr7,157890962,-,4,0,55.743160009384155,4,9
7,X,GGCGACAATTCACTTTCTGCAGG,GGCGACAATTCACTTTCTGCAGG,chr7,143183487,-,0,0,64.4870331287384,1,10
